{
    "manifestPlusVersion": "1.0.0",
    "name": "fate-aspect-tracker",
    "title": "Fate Aspect Tracker",
    "description": "An Aspect Tracker for any Fate RPG.",
    "version": "0.2",
    "author": "Théo Plénet",
    "url": "https://github.com/Galdormin/FoundryVTT-Fate-Aspect-Tracker",
    "bugs": "https://github.com/Galdormin/FoundryVTT-Fate-Aspect-Tracker/issues",
    "allowBugReporter": true,
    "manifest": "https://raw.githubusercontent.com/Galdormin/FoundryVTT-Fate-Aspect-Tracker/master/module.json",
    "download": "https://github.com/Galdormin/FoundryVTT-Fate-Aspect-Tracker/releases/latest/download/module.zip",
    "media": [],
    "library": false,
    "minimumCoreVersion": "0.7.9",
    "compatibleCoreVersion": "0.7.9",
    "esmodules": [
        "modules/fate-aspect-tracker.js"
    ],
    "styles": [
        "styles/fate-aspect-tracker.css"
    ],
    "languages": [
        {
            "lang": "en",
            "name": "English",
            "path": "lang/en.json"
        }
    ],
    "includes": [
        "modules/fate-aspect-tracker.js",
        "modules/colors.js",
        "modules/logger.js",
        "modules/tracker.js",
        "modules/ui.js",
        "modules/socket.js",
        "lang/en.json",
        "styles/fate-aspect-tracker.css",
        "templates/aspect-item-form.hbs",
        "templates/aspect-list.hbs"
    ],
    "dependencies": [
        {
            "name": "_sortablejs",
            "type": "module"
        }
    ],
    "socket": true
}